-- phpMyAdmin SQL Dump
-- version 4.5.1
-- http://www.phpmyadmin.net
--
-- Host: 127.0.0.1
-- Generation Time: Jan 10, 2023 at 02:30 AM
-- Server version: 10.1.16-MariaDB
-- PHP Version: 5.6.24

SET SQL_MODE = "NO_AUTO_VALUE_ON_ZERO";
SET time_zone = "+00:00";


/*!40101 SET @OLD_CHARACTER_SET_CLIENT=@@CHARACTER_SET_CLIENT */;
/*!40101 SET @OLD_CHARACTER_SET_RESULTS=@@CHARACTER_SET_RESULTS */;
/*!40101 SET @OLD_COLLATION_CONNECTION=@@COLLATION_CONNECTION */;
/*!40101 SET NAMES utf8mb4 */;

--
-- Database: `usermanagement`
--

-- --------------------------------------------------------

--
-- Table structure for table `districts`
--

CREATE TABLE `districts` (
  `DistrictId` int(4) NOT NULL,
  `DistrictName` varchar(50) NOT NULL,
  `ProvinceId` int(4) NOT NULL
) ENGINE=InnoDB DEFAULT CHARSET=utf8;

--
-- Dumping data for table `districts`
--

INSERT INTO `districts` (`DistrictId`, `DistrictName`, `ProvinceId`) VALUES
(1, 'ເມືອງ ສີສັດຕະນາກ', 1),
(2, 'ເມືອງ ໄຊທານີ', 1),
(3, 'ເມືອງ ໄຊເສດຖາ', 1),
(4, 'ວຽງຄຳ', 2),
(5, 'ໂພນໂຮງ', 2),
(6, 'ແກ້ວອຸດົມ', 2),
(7, 'ພູກູດ', 3),
(8, 'ແປກ', 3),
(9, 'ໜອງແຮດ', 3),
(10, 'ຄຳ', 3),
(12, 'ທ່າໂທມ', 4),
(13, 'ລ້ອງຊານ', 14),
(14, 'ໜອງວຽງຄຳ', 13),
(15, 'ໄຊທານີ', 13),
(16, 'ຫາດຊາຍຟອງ', 13),
(17, 'ຈັນທະບູລີ', 13),
(18, 'ຄຳເກີດ', 5);

-- --------------------------------------------------------

--
-- Table structure for table `historylogin`
--

CREATE TABLE `historylogin` (
  `LoginId` int(4) NOT NULL,
  `History` date NOT NULL,
  `Htime` time NOT NULL,
  `UserId` int(4) NOT NULL
) ENGINE=InnoDB DEFAULT CHARSET=utf8;

--
-- Dumping data for table `historylogin`
--

INSERT INTO `historylogin` (`LoginId`, `History`, `Htime`, `UserId`) VALUES
(1, '2022-12-18', '10:48:21', 1),
(2, '2022-12-18', '10:58:08', 1),
(3, '2022-12-18', '12:29:21', 1),
(4, '2022-12-18', '12:29:35', 1),
(5, '2022-12-18', '12:59:37', 1),
(6, '2022-12-18', '13:00:50', 1),
(7, '2022-12-18', '13:03:09', 1),
(8, '2022-12-18', '13:03:43', 1),
(9, '2022-12-18', '13:04:10', 1),
(10, '2022-12-18', '13:49:14', 1),
(11, '2022-12-18', '14:23:44', 1),
(12, '2022-12-18', '14:28:27', 1),
(13, '2022-12-18', '19:39:44', 1),
(14, '2022-12-18', '19:45:11', 1),
(15, '2022-12-18', '19:45:25', 1),
(16, '2022-12-18', '19:50:50', 1),
(17, '2022-12-18', '20:01:08', 1),
(18, '2022-12-18', '20:06:31', 1),
(19, '2022-12-18', '20:11:20', 1),
(20, '2022-12-18', '20:15:00', 1),
(21, '2022-12-18', '20:16:01', 1),
(22, '2022-12-18', '20:19:30', 1),
(23, '2022-12-18', '20:20:34', 1),
(24, '2022-12-18', '20:22:03', 1),
(25, '2022-12-18', '20:24:51', 1),
(26, '2022-12-18', '20:35:35', 1),
(27, '2022-12-18', '20:36:00', 1),
(28, '2022-12-18', '20:38:15', 1),
(29, '2022-12-18', '20:39:48', 1),
(30, '2022-12-18', '20:43:05', 1),
(31, '2022-12-18', '20:44:14', 1),
(32, '2022-12-18', '20:45:16', 1),
(33, '2022-12-18', '20:46:34', 1),
(34, '2022-12-18', '20:50:45', 1),
(35, '2022-12-18', '20:53:05', 1),
(36, '2022-12-18', '20:55:27', 1),
(37, '2022-12-18', '20:58:22', 1),
(38, '2022-12-18', '21:01:22', 1),
(39, '2022-12-18', '21:01:38', 1),
(40, '2022-12-18', '21:01:55', 1),
(41, '2022-12-18', '21:02:54', 1),
(42, '2022-12-18', '21:06:08', 1),
(43, '2022-12-18', '21:10:58', 1),
(44, '2022-12-18', '21:11:57', 1),
(45, '2022-12-18', '21:14:25', 1),
(46, '2022-12-18', '21:16:54', 1),
(47, '2022-12-18', '21:41:46', 1),
(48, '2022-12-18', '21:41:46', 1),
(49, '2022-12-18', '21:43:31', 1),
(50, '2022-12-18', '21:46:01', 1),
(51, '2022-12-18', '21:48:13', 1),
(52, '2022-12-18', '21:49:18', 5),
(53, '2022-12-18', '21:52:25', 5),
(54, '2022-12-19', '08:27:04', 1),
(55, '2022-12-19', '08:49:50', 1),
(56, '2022-12-19', '08:51:03', 1),
(57, '2022-12-19', '09:03:26', 6),
(58, '2022-12-19', '09:12:40', 1),
(59, '2022-12-19', '09:13:11', 1),
(60, '2022-12-19', '09:15:01', 1),
(61, '2022-12-19', '09:16:13', 1),
(62, '2022-12-19', '09:16:59', 1),
(63, '2022-12-19', '09:19:10', 1),
(64, '2022-12-19', '09:20:18', 1),
(65, '2022-12-19', '09:20:30', 1),
(66, '2022-12-19', '09:20:49', 1),
(67, '2022-12-19', '09:21:19', 1),
(68, '2022-12-19', '09:22:11', 6),
(69, '2022-12-19', '09:22:38', 6),
(70, '2022-12-19', '09:23:05', 1),
(71, '2022-12-19', '09:23:35', 1),
(72, '2022-12-19', '09:24:27', 6),
(73, '2022-12-19', '09:29:58', 6),
(74, '2022-12-19', '09:45:42', 1),
(75, '2022-12-19', '09:47:35', 1),
(76, '2022-12-19', '09:48:07', 1),
(77, '2022-12-19', '09:53:43', 1),
(78, '2022-12-19', '09:54:35', 1),
(79, '2022-12-19', '09:58:01', 1),
(80, '2022-12-19', '10:19:29', 1),
(81, '2022-12-19', '10:19:40', 1),
(82, '2022-12-19', '10:21:27', 6),
(83, '2022-12-19', '10:54:52', 1),
(84, '2022-12-19', '11:56:30', 1),
(85, '2022-12-19', '11:57:05', 7),
(86, '2022-12-19', '11:58:44', 1),
(87, '2022-12-19', '13:10:20', 1),
(88, '2022-12-19', '13:19:57', 7),
(89, '2022-12-19', '13:21:02', 1),
(90, '2022-12-19', '13:24:12', 1),
(91, '2022-12-19', '13:46:46', 1),
(92, '2022-12-19', '13:48:08', 6),
(93, '2022-12-19', '14:02:05', 1),
(94, '2022-12-19', '14:21:30', 8),
(95, '2022-12-19', '14:22:09', 8),
(96, '2022-12-19', '14:22:33', 1),
(97, '2022-12-19', '14:26:07', 8),
(98, '2022-12-19', '14:26:13', 6),
(99, '2022-12-19', '14:26:57', 1),
(100, '2022-12-19', '14:30:42', 8),
(101, '2022-12-19', '14:31:28', 1),
(102, '2022-12-19', '14:45:52', 8),
(103, '2022-12-19', '14:47:43', 1),
(104, '2022-12-19', '15:00:58', 8),
(105, '2022-12-19', '15:02:51', 1),
(106, '2022-12-19', '15:07:36', 8),
(107, '2022-12-19', '15:22:30', 1),
(108, '2022-12-19', '15:24:20', 8),
(109, '2022-12-19', '15:58:08', 1),
(110, '2022-12-19', '16:58:18', 8),
(111, '2022-12-20', '08:32:34', 1),
(112, '2022-12-20', '09:19:08', 1),
(113, '2022-12-20', '09:21:25', 8),
(114, '2022-12-20', '10:22:24', 1),
(115, '2022-12-20', '10:53:51', 8),
(116, '2022-12-20', '10:59:25', 6),
(117, '2022-12-20', '10:59:48', 1),
(118, '2022-12-20', '11:00:42', 1),
(119, '2022-12-20', '11:01:11', 8),
(120, '2022-12-20', '11:16:59', 1),
(121, '2022-12-20', '11:34:47', 2),
(122, '2022-12-20', '11:48:50', 1),
(123, '2022-12-20', '11:51:16', 1),
(124, '2022-12-20', '11:52:09', 8),
(125, '2022-12-20', '11:54:20', 1),
(126, '2022-12-20', '11:55:41', 1),
(127, '2022-12-20', '11:57:12', 9),
(128, '2022-12-20', '11:57:42', 8),
(129, '2022-12-20', '12:00:43', 1),
(130, '2022-12-20', '12:01:48', 1),
(131, '2022-12-20', '12:02:50', 10),
(132, '2022-12-20', '13:04:45', 1),
(133, '2022-12-20', '13:06:14', 1),
(134, '2022-12-20', '13:06:46', 10),
(135, '2022-12-20', '13:32:06', 1),
(136, '2022-12-20', '14:03:31', 10),
(137, '2022-12-20', '15:08:45', 12),
(138, '2022-12-20', '15:09:06', 12),
(139, '2022-12-20', '15:09:55', 1),
(140, '2022-12-20', '15:12:22', 1),
(141, '2022-12-20', '15:44:43', 13),
(142, '2022-12-20', '16:01:59', 14),
(143, '2022-12-20', '16:05:33', 1),
(144, '2022-12-20', '16:07:06', 1),
(145, '2022-12-20', '16:07:52', 1),
(146, '2022-12-20', '16:08:47', 1),
(147, '2022-12-20', '16:11:40', 15),
(148, '2022-12-20', '16:13:01', 1),
(149, '2022-12-20', '16:18:00', 17),
(150, '2022-12-20', '16:19:23', 17),
(151, '2022-12-20', '16:20:05', 16),
(152, '2022-12-20', '16:21:03', 2),
(153, '2022-12-20', '16:48:02', 1),
(154, '2022-12-20', '20:23:55', 1),
(155, '2022-12-20', '20:38:22', 1),
(156, '2022-12-20', '21:40:27', 1),
(157, '2022-12-21', '08:39:14', 1),
(158, '2022-12-21', '09:41:28', 1),
(159, '2022-12-21', '10:25:30', 1),
(160, '2022-12-21', '10:42:55', 1),
(161, '2022-12-21', '11:43:07', 1),
(162, '2022-12-21', '13:14:25', 1),
(163, '2022-12-21', '14:14:49', 1),
(164, '2022-12-21', '14:17:59', 7),
(165, '2022-12-21', '14:23:17', 1),
(166, '2022-12-21', '14:29:05', 7),
(167, '2022-12-21', '14:51:20', 1),
(168, '2022-12-21', '15:58:34', 1),
(169, '2022-12-21', '16:48:09', 1),
(170, '2022-12-21', '16:49:48', 1),
(171, '2022-12-21', '16:50:02', 1),
(172, '2022-12-21', '16:50:30', 1),
(173, '2022-12-21', '16:51:06', 1),
(174, '2022-12-21', '16:51:31', 1),
(175, '2022-12-21', '17:02:25', 1),
(176, '2022-12-21', '17:28:28', 1),
(177, '2022-12-21', '17:31:56', 1),
(178, '2022-12-21', '17:40:54', 1),
(179, '2022-12-21', '17:41:23', 1),
(180, '2022-12-21', '17:41:45', 1),
(181, '2022-12-21', '17:42:40', 1),
(182, '2022-12-21', '17:58:03', 26),
(183, '2022-12-21', '18:09:52', 1),
(184, '2022-12-21', '18:10:11', 27),
(185, '2022-12-21', '18:10:49', 1),
(186, '2022-12-21', '19:13:00', 1),
(187, '2022-12-21', '20:06:28', 1),
(188, '2022-12-21', '20:25:11', 1),
(189, '2022-12-21', '20:52:12', 1),
(190, '2022-12-21', '20:53:45', 1),
(191, '2022-12-21', '20:54:02', 1),
(192, '2022-12-22', '08:15:10', 1),
(193, '2022-12-22', '08:16:58', 1),
(194, '2022-12-22', '09:09:33', 1),
(195, '2022-12-22', '09:11:08', 13),
(196, '2022-12-22', '09:12:16', 1),
(197, '2022-12-22', '09:27:55', 1),
(198, '2022-12-22', '09:50:37', 13),
(199, '2022-12-22', '09:52:50', 28),
(200, '2022-12-22', '09:59:42', 1),
(201, '2022-12-22', '10:00:07', 17),
(202, '2022-12-22', '10:49:04', 1),
(203, '2022-12-22', '11:00:48', 1),
(204, '2022-12-22', '11:15:17', 1),
(205, '2022-12-22', '11:21:13', 1),
(206, '2022-12-22', '11:37:20', 13),
(207, '2022-12-22', '13:04:12', 1),
(208, '2022-12-22', '14:04:28', 1),
(209, '2022-12-22', '14:13:26', 1),
(210, '2022-12-22', '14:23:47', 27),
(211, '2022-12-22', '14:24:45', 1),
(212, '2022-12-22', '14:28:03', 27),
(213, '2022-12-22', '14:36:39', 1),
(214, '2022-12-22', '14:39:55', 1),
(215, '2022-12-22', '14:42:15', 1),
(216, '2022-12-22', '14:44:29', 1),
(217, '2022-12-22', '14:45:40', 1),
(218, '2022-12-22', '14:45:58', 27),
(219, '2022-12-22', '14:50:31', 1),
(220, '2022-12-22', '14:54:18', 1),
(221, '2022-12-22', '14:54:37', 1),
(222, '2022-12-22', '14:55:57', 1),
(223, '2022-12-22', '15:00:24', 1),
(224, '2022-12-22', '15:13:45', 2),
(225, '2022-12-22', '15:14:46', 3),
(226, '2022-12-22', '15:23:55', 1),
(227, '2022-12-22', '16:25:13', 1),
(228, '2022-12-22', '20:02:58', 1),
(229, '2022-12-22', '20:10:47', 1),
(230, '2022-12-22', '20:12:29', 2),
(231, '2022-12-22', '20:16:22', 2),
(232, '2022-12-22', '20:17:12', 1),
(233, '2022-12-22', '21:04:19', 7),
(234, '2022-12-22', '21:06:13', 2),
(235, '2022-12-22', '21:07:43', 8),
(236, '2022-12-22', '21:08:36', 7),
(237, '2022-12-23', '08:52:41', 1),
(238, '2022-12-23', '09:53:01', 1),
(239, '2022-12-23', '10:54:03', 1),
(240, '2022-12-23', '11:56:21', 1),
(241, '2022-12-23', '13:07:00', 1),
(242, '2022-12-23', '14:08:02', 1),
(243, '2022-12-23', '15:05:56', 1),
(244, '2022-12-23', '15:12:37', 1),
(245, '2022-12-23', '15:55:04', 1),
(246, '2022-12-23', '15:57:16', 1),
(247, '2022-12-23', '15:57:36', 1),
(248, '2022-12-23', '15:58:06', 1),
(249, '2022-12-23', '15:58:24', 1),
(250, '2022-12-23', '16:05:53', 1),
(251, '2022-12-23', '16:06:19', 1),
(252, '2022-12-23', '16:08:42', 1),
(253, '2022-12-23', '16:09:10', 1),
(254, '2022-12-23', '16:10:38', 2),
(255, '2022-12-23', '16:12:11', 1),
(256, '2022-12-23', '16:16:53', 1),
(257, '2022-12-23', '16:17:31', 1),
(258, '2022-12-23', '16:17:51', 1),
(259, '2022-12-23', '16:23:46', 1),
(260, '2022-12-23', '16:53:17', 1),
(261, '2022-12-23', '16:59:19', 1),
(262, '2022-12-24', '09:31:19', 1),
(263, '2022-12-24', '09:31:46', 1),
(264, '2022-12-24', '10:40:08', 1),
(265, '2022-12-24', '11:41:18', 1),
(266, '2022-12-24', '12:41:40', 1),
(267, '2022-12-24', '12:51:31', 2),
(268, '2022-12-24', '12:53:39', 1),
(269, '2022-12-24', '12:54:19', 1),
(270, '2022-12-24', '14:58:49', 1),
(271, '2022-12-24', '18:41:22', 1),
(272, '2022-12-24', '19:43:54', 1),
(273, '2022-12-24', '20:04:36', 1),
(274, '2022-12-24', '20:04:36', 1),
(275, '2022-12-24', '21:05:54', 1),
(276, '2022-12-24', '21:34:08', 1),
(277, '2022-12-24', '21:34:54', 1),
(278, '2022-12-24', '21:35:45', 2),
(279, '2022-12-24', '21:37:13', 1),
(280, '2022-12-24', '21:39:03', 1),
(281, '2022-12-24', '22:39:11', 1),
(282, '2022-12-24', '23:25:54', 2),
(283, '2022-12-26', '20:17:44', 19),
(284, '2022-12-26', '20:26:56', 19),
(285, '2022-12-26', '20:48:52', 19),
(286, '2022-12-28', '10:38:11', 25),
(287, '2022-12-28', '11:08:28', 25),
(288, '2022-12-28', '11:43:06', 25),
(289, '2022-12-28', '11:46:00', 25),
(290, '2022-12-28', '11:46:16', 25),
(291, '2022-12-28', '11:46:52', 25),
(292, '2022-12-28', '13:13:31', 1),
(293, '2022-12-28', '13:13:56', 1),
(294, '2022-12-28', '13:14:02', 1),
(295, '2022-12-28', '13:14:42', 1),
(296, '2022-12-28', '13:15:07', 1),
(297, '2022-12-28', '13:16:16', 1),
(298, '2022-12-28', '13:22:40', 1),
(299, '2022-12-28', '13:22:52', 1),
(300, '2022-12-28', '13:27:25', 1),
(301, '2022-12-28', '13:28:18', 1),
(302, '2022-12-28', '16:46:41', 1),
(303, '2022-12-30', '10:44:21', 1),
(304, '2022-12-30', '10:48:10', 1),
(305, '2022-12-30', '10:49:42', 1),
(306, '2022-12-30', '10:50:47', 1),
(307, '2022-12-30', '10:51:34', 1),
(308, '2022-12-30', '10:53:58', 1),
(309, '2022-12-30', '10:56:06', 1),
(310, '2022-12-30', '11:39:32', 1),
(311, '2022-12-30', '11:42:42', 1),
(312, '2022-12-30', '11:43:51', 1),
(313, '2022-12-30', '11:44:52', 1),
(314, '2022-12-30', '19:59:22', 1),
(315, '2022-12-30', '20:01:26', 2),
(316, '2022-12-30', '20:10:09', 2),
(317, '2022-12-30', '20:12:08', 2),
(318, '2022-12-30', '20:18:11', 2),
(319, '2023-01-02', '19:22:59', 1),
(320, '2023-01-03', '08:34:39', 1),
(321, '2023-01-03', '11:00:23', 4),
(322, '2023-01-03', '13:54:44', 13),
(323, '2023-01-03', '14:01:58', 13),
(324, '2023-01-03', '15:06:30', 2),
(325, '2023-01-03', '15:30:27', 2),
(326, '2023-01-03', '15:48:58', 1),
(327, '2023-01-03', '16:25:42', 1),
(328, '2023-01-03', '16:25:42', 1),
(329, '2023-01-03', '16:57:06', 1),
(330, '2023-01-03', '17:00:00', 1),
(331, '2023-01-04', '08:33:47', 1),
(332, '2023-01-04', '08:48:54', 1),
(333, '2023-01-04', '09:04:32', 3),
(334, '2023-01-04', '09:05:02', 1),
(335, '2023-01-04', '09:05:25', 3),
(336, '2023-01-04', '09:51:25', 3),
(337, '2023-01-04', '10:44:46', 3),
(338, '2023-01-04', '11:03:22', 3),
(339, '2023-01-04', '11:27:16', 3),
(340, '2023-01-04', '11:33:05', 3),
(341, '2023-01-04', '11:35:12', 3),
(342, '2023-01-04', '11:35:38', 3),
(343, '2023-01-04', '11:36:46', 3),
(344, '2023-01-04', '11:37:18', 3),
(345, '2023-01-04', '11:38:47', 3),
(346, '2023-01-04', '13:08:06', 3),
(347, '2023-01-04', '13:33:42', 3),
(348, '2023-01-04', '14:25:53', 3),
(349, '2023-01-04', '14:32:03', 3),
(350, '2023-01-04', '15:35:56', 3),
(351, '2023-01-04', '16:36:08', 3),
(352, '2023-01-04', '16:56:14', 3),
(353, '2023-01-05', '08:49:28', 3),
(354, '2023-01-05', '08:56:37', 3),
(355, '2023-01-05', '09:01:29', 5),
(356, '2023-01-05', '09:01:34', 5),
(357, '2023-01-05', '09:20:44', 3),
(358, '2023-01-05', '10:21:08', 3),
(359, '2023-01-05', '10:34:14', 1),
(360, '2023-01-05', '10:37:41', 1),
(361, '2023-01-05', '10:46:57', 3),
(362, '2023-01-05', '11:05:08', 3),
(363, '2023-01-05', '11:11:34', 1),
(364, '2023-01-05', '11:17:19', 3),
(365, '2023-01-05', '11:34:50', 11),
(366, '2023-01-05', '11:35:19', 3),
(367, '2023-01-05', '11:36:12', 11),
(368, '2023-01-05', '13:09:59', 3),
(369, '2023-01-05', '13:19:32', 12),
(370, '2023-01-05', '13:21:01', 3),
(371, '2023-01-05', '14:22:00', 3),
(372, '2023-01-05', '14:22:14', 11),
(373, '2023-01-05', '14:22:21', 2),
(374, '2023-01-05', '14:54:02', 11),
(375, '2023-01-05', '15:08:23', 3),
(376, '2023-01-05', '15:20:35', 2),
(377, '2023-01-05', '15:21:51', 3),
(378, '2023-01-05', '15:27:56', 2),
(379, '2023-01-05', '15:29:16', 2),
(380, '2023-01-05', '15:33:25', 2),
(381, '2023-01-05', '15:33:35', 2),
(382, '2023-01-05', '15:34:26', 11),
(383, '2023-01-05', '16:03:54', 11),
(384, '2023-01-05', '16:04:52', 3),
(385, '2023-01-06', '08:41:50', 11),
(386, '2023-01-06', '09:00:53', 3),
(387, '2023-01-06', '10:05:28', 3),
(388, '2023-01-06', '10:36:12', 11),
(389, '2023-01-06', '11:01:57', 2),
(390, '2023-01-06', '11:28:41', 2),
(391, '2023-01-06', '11:30:02', 2),
(392, '2023-01-06', '11:36:23', 3),
(393, '2023-01-06', '13:08:45', 11),
(394, '2023-01-06', '13:36:03', 2),
(395, '2023-01-06', '13:40:13', 2),
(396, '2023-01-06', '13:41:44', 17),
(397, '2023-01-06', '13:42:15', 2),
(398, '2023-01-06', '13:44:25', 11),
(399, '2023-01-06', '14:01:46', 3),
(400, '2023-01-06', '14:02:15', 11),
(401, '2023-01-06', '14:04:48', 11),
(402, '2023-01-06', '14:06:55', 11),
(403, '2023-01-06', '14:18:50', 2),
(404, '2023-01-06', '14:19:55', 2),
(405, '2023-01-06', '14:20:08', 11),
(406, '2023-01-06', '14:27:49', 2),
(407, '2023-01-06', '14:40:24', 11),
(408, '2023-01-06', '14:44:11', 3),
(409, '2023-01-06', '15:44:29', 11),
(410, '2023-01-06', '16:32:55', 11),
(411, '2023-01-06', '16:45:23', 11),
(412, '2023-01-06', '16:56:24', 11),
(413, '2023-01-08', '07:58:41', 2),
(414, '2023-01-08', '07:59:51', 11),
(415, '2023-01-08', '09:00:06', 11),
(416, '2023-01-08', '09:07:56', 11),
(417, '2023-01-08', '09:29:15', 11),
(418, '2023-01-08', '09:46:41', 3),
(419, '2023-01-08', '09:47:31', 3),
(420, '2023-01-08', '09:55:12', 11),
(421, '2023-01-08', '09:58:33', 11),
(422, '2023-01-08', '10:00:28', 11),
(423, '2023-01-08', '10:00:33', 11),
(424, '2023-01-08', '10:07:55', 11),
(425, '2023-01-08', '11:10:26', 11),
(426, '2023-01-08', '11:10:27', 11),
(427, '2023-01-09', '09:37:23', 11),
(428, '2023-01-09', '10:37:57', 11),
(429, '2023-01-09', '11:38:59', 11),
(430, '2023-01-09', '13:12:11', 11),
(431, '2023-01-09', '15:02:30', 3),
(432, '2023-01-09', '15:08:20', 11),
(433, '2023-01-09', '15:09:16', 3),
(434, '2023-01-09', '15:18:47', 11),
(435, '2023-01-09', '15:19:25', 11),
(436, '2023-01-09', '15:21:02', 15),
(437, '2023-01-09', '15:22:25', 11),
(438, '2023-01-09', '15:29:20', 15),
(439, '2023-01-09', '15:30:41', 3),
(440, '2023-01-09', '15:31:08', 8),
(441, '2023-01-09', '15:55:36', 3),
(442, '2023-01-09', '16:00:44', 16),
(443, '2023-01-09', '16:07:07', 11),
(444, '2023-01-09', '16:09:54', 3),
(445, '2023-01-09', '16:13:09', 16),
(446, '2023-01-09', '16:14:51', 11),
(447, '2023-01-09', '16:58:31', 11);

-- --------------------------------------------------------

--
-- Table structure for table `permissions`
--

CREATE TABLE `permissions` (
  `PermissionId` int(4) NOT NULL,
  `RoleId` int(4) NOT NULL,
  `UserId` int(4) NOT NULL,
  `PermCreate` int(2) NOT NULL,
  `PermRead` int(2) NOT NULL,
  `PermUpdate` int(2) NOT NULL,
  `PermDelete` int(2) NOT NULL
) ENGINE=InnoDB DEFAULT CHARSET=utf8;

--
-- Dumping data for table `permissions`
--

INSERT INTO `permissions` (`PermissionId`, `RoleId`, `UserId`, `PermCreate`, `PermRead`, `PermUpdate`, `PermDelete`) VALUES
(1, 1, 1, 1, 1, 1, 1),
(2, 2, 2, 0, 0, 0, 0),
(3, 1, 3, 1, 1, 1, 1),
(4, 2, 5, 0, 0, 0, 0),
(5, 2, 7, 0, 0, 0, 0),
(6, 2, 8, 0, 1, 0, 0),
(7, 2, 9, 0, 0, 0, 0),
(8, 2, 10, 0, 0, 0, 0),
(9, 1, 11, 1, 1, 1, 1),
(10, 2, 12, 0, 0, 1, 0),
(11, 2, 13, 0, 0, 0, 0),
(12, 2, 14, 0, 0, 0, 0),
(13, 2, 15, 0, 1, 0, 0),
(14, 3, 16, 1, 1, 1, 0),
(15, 2, 17, 0, 0, 0, 0),
(16, 2, 18, 0, 0, 0, 0),
(17, 2, 19, 0, 0, 0, 0),
(18, 2, 19, 0, 0, 0, 0),
(19, 2, 21, 0, 0, 0, 0);

-- --------------------------------------------------------

--
-- Table structure for table `profiles`
--

CREATE TABLE `profiles` (
  `ProfileId` int(4) NOT NULL,
  `FirstName` varchar(30) NOT NULL,
  `LastName` varchar(30) NOT NULL,
  `Gender` varchar(6) NOT NULL,
  `Dob` date NOT NULL,
  `Img` varchar(255) NOT NULL,
  `VillageName` varchar(40) NOT NULL,
  `DistrictId` int(4) NOT NULL,
  `ProvinceId` int(4) NOT NULL,
  `UserId` int(4) NOT NULL,
  `updatedAt` date NOT NULL
) ENGINE=InnoDB DEFAULT CHARSET=utf8;

--
-- Dumping data for table `profiles`
--

INSERT INTO `profiles` (`ProfileId`, `FirstName`, `LastName`, `Gender`, `Dob`, `Img`, `VillageName`, `DistrictId`, `ProvinceId`, `UserId`, `updatedAt`) VALUES
(2, 'Thortou', 'HER', 'ຊາຍ', '2023-01-05', 'image-1672979646014.jpg', 'ນ້ຳປົ່ງ', 13, 14, 2, '2023-01-06'),
(3, 'yeng', 'yang', 'ຍິງ', '2023-01-04', 'image-1672909019756.jpg', 'ນ້ຳຈັດ', 7, 3, 3, '0000-00-00'),
(6, 'SearThor', 'thoj', 'ຊາຍ', '2004-01-04', 'image-1672908927589.jpg', 'ໜອງຕັ່ງ', 7, 3, 8, '0000-00-00'),
(9, 'chiiVang', 'Vang', 'ຊາຍ', '1999-09-10', 'image-1673258287779.jpg', 'ນ້ຳຈັດ', 7, 3, 11, '2023-01-09'),
(13, 'LarThor', 'Thor', 'ຍິງ', '2003-01-05', 'image-1672910618460.jpeg', 'ໜອງວຽງຄຳ', 15, 13, 15, '0000-00-00'),
(14, 'samliy', 'nyong', 'ຊາຍ', '2023-01-10', 'image-1672969995122.png', 'ໜອງເຕັ່ງ', 16, 13, 16, '2023-01-09'),
(15, 'Kou', 'VANG', 'ຊາຍ', '1998-01-06', 'image-1672975416293.png', 'viengkham', 4, 2, 17, '2023-01-06');

-- --------------------------------------------------------

--
-- Table structure for table `provinces`
--

CREATE TABLE `provinces` (
  `ProvinceId` int(4) NOT NULL,
  `ProvinceName` varchar(40) NOT NULL,
  `document` varchar(255) NOT NULL
) ENGINE=InnoDB DEFAULT CHARSET=utf8;

--
-- Dumping data for table `provinces`
--

INSERT INTO `provinces` (`ProvinceId`, `ProvinceName`, `document`) VALUES
(2, 'ວຽງຈັນ', 'ເມືອງເກົ່າໄຜ່ໜາມ ລືນນານອ່ານນໍ້າງື່ມ ຕຳນານເດີນລາຍງ້າວ ອູ້ເຂົ້າຊາວເມືອງ ຄົນເຮືອງຂັບງື່ມ ດຶ່ມດຳທຳມະຊາດ ປະຊາລາດສາມັກຄີ'),
(3, 'ຊຽງຂວາງ', 'ພູກູດມີໄຊ ທົ່ງໄຫຫີນລືນາມ ສາວງາມເມືອງພວນ ເຊີນຊວນທ່ຽວແຂວງວິລະຊົນ'),
(4, ' ຜົ້ງສາລີ', ' ຜົ້ງສາລີ ປຽບຄືດັ່ງສະຫວັນສັ່ງ ວິມານດ່ານແດນພູດອຍ ເປັນດິນແດນວິລະຊົນ ຮັກຄອນພົງພັນເຊື້ອ ງາມເຫຼືອຫຼາຍພູຟ້າ ທະເລຫຼວງໝອກໃຫຍ່ ເຊີນຊີມປາພູຟ້າ ດື່ມເຫຼົ້າຂຽວເອ່ວສະຖານທີ່ ເບິ່ງຮີດຄອງປະເພນີ ເອກະລັດຫຼາຍເຜົ່າເຊື້ອ ເປັນຂອງຕ້ອນທ່ານຜູ້ຊົມ'),
(5, 'ບໍລິຄຳໄຊ', 'ຖິ່ນອາໃສສາວເມີ້ຍຜູ້ໂສພາ ຖິ່ນຢູ່ໂຕເສົາຫຼາ ໄມ້ເກດສະໜາຄ່າແພງ ທົ່ງນາແຊງກ້ວາງໃກພະບາດໃຫຍ່ໂພນສັນ ຄົນຊ່າລີກ່າວເອີ້ນ ແດນກຸຫຼາບປາກຊັນ'),
(6, 'ສະຫວັນນະເຂດ', 'ສະຫວັນນະເຂດຜືນແຜ່ນດິນຄຳ ພະທາດອີງຮັງສະຖານບູຮານງານສະຫງ່າສັດໂລກ ໄດໂນເຊົາຮ້ອຍລ້ານປີ ປະເພນີວັດທະນາທຳລ້ຳເລີດ ກຳເນີດຂັບລຳ 4 ຈັງຫວະ\n'),
(7, 'ສາລະວັນ', 'ໝາກພ້າວນາໄຊ ປີ້ງໄກ່ນາປົ່ງ ເຫຼົ້າຂາວເມືອງຄົງ ລຳວົງສາລະວັນ'),
(8, 'ບໍ່ແກ້ວ', 'ບໍ່ແກ້ວມະນີລໍ້າຄ່າ ຊົມປ່າດອກງີ້ວບານ ເທດສະການບັນດາເຜົ່າ ຖິ່ນເມືອງເກົ່າສຸວັນນະໂຄມຄຳ ຊົມຖໍ້ານໍ້າຍູ້ ອູ້ສາວລາວຢວນ ຊວນຊົມວັດຈອມເຂົາມະນີລັດ ໄຫວ້ພະທາດສຸວັນນະຜາຄຳ'),
(10, 'ຫຼວງພະບາງ', 'ຫຼວງພະບາງເມືອງງາມ ອາຮາມຮຸ່ງເຮືອງ ງາມພູຕັ້ງຢູ່ກາງເມືອງ ເລືອງລືວັດທະນະທຳ ເມືອງ ນຸ່ງສິ້ນໄໝ ຂວັນໃຈນັກທ່ອງທ່ຽວ ເອາະຫຼາມໃສ່ສະຂ່ານ ງາມຊ່ວງເຮືອເດືອນ 9 ເມືອງກ້ຽງຄຳຫວານ ຕຳນານເມືອງ ຂຳທຸ່ມ ວັດເກົ່າແກ່ມາກມີ ຕາດກວາງຊີ ແລະ ຖໍ້າຕິ່ງເປັນເມືອງມໍລະດົກໂລກ'),
(13, 'ນະຄອນຫຼວງວຽງຈັນ', 'ມາວຽງຈັນ ຊົມຂົວມິດຕະພາບ ກາບໄຫ້ຫໍພຼະແກ້ວ ຊົມສວນປະຕູໄຊ ໄຫ້ວພຼະທາດຫຼວງມິ່ງຂວັນ ຊົມວິວທິວທັດແຄມຂອງ ຫາດຊາຍສີທອງດອນຈັນ ຊີມລົດອາຫານນາໆຊາດ ເທີງຫໍຜາສາດສີ່ສິບຊັ້ນພັກຜ່ອນເທີງວິມານສະຫວັນ ໂຮງແຮມດອນຈັນພາເລດ ລືນາມ'),
(14, 'ໄຊສົມບຸນ', 'Welcome to xaysomboun'),
(15, 'ຄຳມ່ວນ', 'ຄຳມ່ວນດິນແດນທຳມະຊາດ ປະຫວັດສາດວິລະຊົນ ຕົ້ນກຳເນີດລຳພະຫຍາມະຫາໄຊ ກິນຊູບໜໍ່ໄມ້ ແກງໄມ້ໃສ່ສາມ ນະມັດສະການພະທາດສີໂຄດຕະບອງ ເປັນເຈົ້າຂອງເຂົ້າໜົມປ່ານ ປະສານປວງປະຊາເລັ່ງລັດພັດທະນາ ຊ່ວຍປະຊາໃຫ້ມີສຸກ'),
(16, 'ໄຊຍະບູລີ', 'ງາມທາດປວກ ເມືອງ ຄອບ ປະນົມນ້ອມພະທາດມັດຄຳ ເມືອງ ເງິນແສນເພີດເພີນພະທາດຊຽງລົມ ເມືອງ ຊຽງຮ່ອນ ອອນຊອນບຸນບັ້ງໄຟ ເມືອງ ປາກລາຍ ງາມເຫຼືອຫຼາຍ ສາວດອກຝ້າຍຈັນເມືອງ ແກ່ນທ້າວ ຫວານນ້ຳໜາກພ້າວ ເມືອງ ບໍ່ແຕນ ແດນພູເຂົາຊ້າງ ເມືອງ ຫົງສາ - ເມືອງ ທົ່ງ ຮວງເຂົ້າກົ່ງເມືອງພຽງສຽງຂັບລຳລ່ອ'),
(17, 'ອຸດົມໄຊ', 'ທ່ຽວອຸດົມໄຊ ໄປຊົມທຳມະຊາດ ນໍ້າຕົກຕາກຫົວນໍ້າກັດ ຊົມວັດທະນະທຳຊົນເຜົ່າ ໄຫ້ວພຼະເຈົ້າສິງຄຳ ດື່ມນໍ້າຊາພັນປີ ຂີ່ເຮືອທ່ອງທ່ຽວ ຊົມທຳມະຊາດແຄມຂອງ'),
(18, 'ຫຼວງນ້ຳທາ', 'ບັ້ນຮົບຫຼວງນໍ້າທາ ພະທາດໃຫຍ່ຊຽງເປງ ຊາບຊຶ້ງກັບວັນທະນະທຳຫຼາວເຜົ່າ ເຂົ້າຊອຍແຊບເມືອງສິງ ລີງລາຍແພໄໝມ້ອນ ເມືອງ ຫຼວງນໍ້າທາ ທ່ຽວປ່າສະຫງວນແຫ່ງຊາກນ້ຳຮ່າ ເຂດພັດທະນາ ເສດຖຸກິດພິເສດບໍ່ເຕັມແດນຄຳ ຮ່ວມເຕັ້ນແຊນຳສາວໄຕດຳ ງາມແທ້ລະກຳ'),
(19, 'ຈຳປາສັກ', 'ເອກະລັກວັດພູ ກຸຫລາບປາກເຊ ກາເຟປາກຊ່ອງ ນໍ້າຂອງໂຕນຄອນ ສີພັນດອນລືນາມ\n'),
(20, 'ອັດຕະປື', 'ລຳນໍ້າໃສປ່າໄມ້ຂຽວ ທ່ອງທ່ຽວໜອງຟ້າ ຊົມຜາຮຽງຊານໄຊ ໄຫ້ວພະອົງແສນ ພັກແດນສາມັກຄີ'),
(21, 'ຫົວພັນ', 'ງົມງາມພູຜາ ນໍ້າມ້ສ່ອງໃສ ວຽງໄຊປະຫວັດສາດ ຜ້າໄໝຊຳໃຕ້ ຫີນຕັ້ງຫົວເມືອງ ຖິ່ນພູສາມເຊົ່າ ຄົກເຂົ້ານໍ້າລິນ ແຜ່ນດິນວິລະຊົນ'),
(22, 'ເຊກອງ', 'ເອກະລັກພູນາງລາວ ແວວວາວຄ່ານ່າຊື່ນໃຈ ທ່ຽວວັງໄວດື່ມເຫຼົ້າໄຫ ເມືອງ ດາກຈຶງ ຄະນຶງຫາ ສາຍທາລາຕົກຕາດແສກ ແປດພະໄທຢ່າລືມໄປຂໍປັນກອບ ບອກຄວາມສາມັກຄີ ໄປຮູ້ຈັກບຸນປະເພນີບັນດາເຜົ່າ');

-- --------------------------------------------------------

--
-- Table structure for table `roles`
--

CREATE TABLE `roles` (
  `RoleId` int(4) NOT NULL,
  `RoleName` varchar(40) NOT NULL
) ENGINE=InnoDB DEFAULT CHARSET=utf8;

--
-- Dumping data for table `roles`
--

INSERT INTO `roles` (`RoleId`, `RoleName`) VALUES
(1, 'admin'),
(2, 'user'),
(3, 'manager');

-- --------------------------------------------------------

--
-- Table structure for table `users`
--

CREATE TABLE `users` (
  `UserId` int(4) NOT NULL,
  `randId` varchar(50) NOT NULL,
  `UserName` varchar(40) NOT NULL,
  `Password` text NOT NULL,
  `Mobile` varchar(30) NOT NULL,
  `Email` varchar(50) NOT NULL,
  `createdAt` timestamp NOT NULL DEFAULT CURRENT_TIMESTAMP
) ENGINE=InnoDB DEFAULT CHARSET=utf8;

--
-- Dumping data for table `users`
--

INSERT INTO `users` (`UserId`, `randId`, `UserName`, `Password`, `Mobile`, `Email`, `createdAt`) VALUES
(2, '554609', 'thortou', '$2b$10$/M3H.oWlb6kVZTKqmNbbUOBdAe4CGm3X3fAZdYEIwkgq7xt9VG2mW', '02098980098', 'thortou@gmail.com', '2023-01-06 03:11:49'),
(3, '554583', 'YengYaj', '$2b$10$bIL4FZdvtxftKeFyKPFMTOvXvHMlONTULHVedcrqgA9b/iJPScjqO', '02097878989', 'YengYaj55@gmail.com', '2023-01-06 03:11:49'),
(4, '554444', 'khamSai', '$2b$10$xR5O.TdSqKcv9hXN1WczEehmd738XcS5UJv.gsC8RbZf18m.0/bOS', '02098987765', 'khamSiay@gmail.com', '2023-01-06 03:11:49'),
(8, '554712', 'searthor', '$2b$10$mGmHkhhKU6cDG6BTmcwnDOPBWiFYVdQE/G9f6yxJleubY3/kyUgQG', '02099387745', 'soneDev@gmail.com', '2023-01-06 03:11:49'),
(11, '554907', 'seeVang', '$2b$10$rJphst2Vnzt1CL.dpyt/mOPoXm61E3Mxi7RePHH6dBBw/1lZ.7i72', '02076968199', 'SeeVang-1999@gmail.com', '2023-01-06 03:11:49'),
(15, '555395', 'karYong', '$2b$10$J1Blf0RWIfn3IShEQiRWDOnWv7uOx5yzzO5YHwbEdh8yxIqp96crm', '02099880099', 'karYong@gmail.com', '2023-01-06 03:11:49'),
(16, '555430', 'samliDev', '$2b$10$uE5KTMKWQQ3.U.duAi/leu4mjUdU3lfbO1Bkv8Y47ezLHeb5Ozt/a', '02099388444', 'samliy@gmail.com', '2023-01-06 03:11:49'),
(17, '554698', 'kouvang', '$2b$10$xVH5Cd3..jMgVs6QthUgwOQWid5WPNGjsGEgn7xhHswS909JAdOSK', '02077332211', 'kouvang@gmail.com', '2023-01-06 03:15:44');

-- --------------------------------------------------------

--
-- Table structure for table `users_has_roles`
--

CREATE TABLE `users_has_roles` (
  `UserId` int(4) NOT NULL,
  `RoleId` int(4) NOT NULL
) ENGINE=InnoDB DEFAULT CHARSET=utf8;

--
-- Dumping data for table `users_has_roles`
--

INSERT INTO `users_has_roles` (`UserId`, `RoleId`) VALUES
(1, 1),
(2, 2),
(3, 1),
(5, 2),
(7, 2),
(8, 2),
(9, 2),
(10, 2),
(11, 1),
(12, 2),
(13, 2),
(14, 2),
(15, 2),
(16, 3),
(17, 2),
(18, 2),
(19, 2),
(19, 2),
(21, 2);

--
-- Indexes for dumped tables
--

--
-- Indexes for table `districts`
--
ALTER TABLE `districts`
  ADD PRIMARY KEY (`DistrictId`),
  ADD KEY `ProvinceId` (`ProvinceId`);

--
-- Indexes for table `historylogin`
--
ALTER TABLE `historylogin`
  ADD PRIMARY KEY (`LoginId`),
  ADD KEY `UserId` (`UserId`);

--
-- Indexes for table `permissions`
--
ALTER TABLE `permissions`
  ADD PRIMARY KEY (`PermissionId`),
  ADD KEY `RoleId` (`RoleId`),
  ADD KEY `UserId` (`UserId`);

--
-- Indexes for table `profiles`
--
ALTER TABLE `profiles`
  ADD PRIMARY KEY (`ProfileId`),
  ADD KEY `DistrictId` (`DistrictId`),
  ADD KEY `ProvinceId` (`ProvinceId`),
  ADD KEY `UserId` (`UserId`);

--
-- Indexes for table `provinces`
--
ALTER TABLE `provinces`
  ADD PRIMARY KEY (`ProvinceId`);

--
-- Indexes for table `roles`
--
ALTER TABLE `roles`
  ADD PRIMARY KEY (`RoleId`);

--
-- Indexes for table `users`
--
ALTER TABLE `users`
  ADD PRIMARY KEY (`UserId`);

--
-- Indexes for table `users_has_roles`
--
ALTER TABLE `users_has_roles`
  ADD KEY `UserId` (`UserId`),
  ADD KEY `RoleId` (`RoleId`);

--
-- AUTO_INCREMENT for dumped tables
--

--
-- AUTO_INCREMENT for table `districts`
--
ALTER TABLE `districts`
  MODIFY `DistrictId` int(4) NOT NULL AUTO_INCREMENT, AUTO_INCREMENT=19;
--
-- AUTO_INCREMENT for table `historylogin`
--
ALTER TABLE `historylogin`
  MODIFY `LoginId` int(4) NOT NULL AUTO_INCREMENT, AUTO_INCREMENT=448;
--
-- AUTO_INCREMENT for table `permissions`
--
ALTER TABLE `permissions`
  MODIFY `PermissionId` int(4) NOT NULL AUTO_INCREMENT, AUTO_INCREMENT=20;
--
-- AUTO_INCREMENT for table `profiles`
--
ALTER TABLE `profiles`
  MODIFY `ProfileId` int(4) NOT NULL AUTO_INCREMENT, AUTO_INCREMENT=16;
--
-- AUTO_INCREMENT for table `provinces`
--
ALTER TABLE `provinces`
  MODIFY `ProvinceId` int(4) NOT NULL AUTO_INCREMENT, AUTO_INCREMENT=23;
--
-- AUTO_INCREMENT for table `roles`
--
ALTER TABLE `roles`
  MODIFY `RoleId` int(4) NOT NULL AUTO_INCREMENT, AUTO_INCREMENT=4;
--
-- AUTO_INCREMENT for table `users`
--
ALTER TABLE `users`
  MODIFY `UserId` int(4) NOT NULL AUTO_INCREMENT, AUTO_INCREMENT=18;
--
-- Constraints for dumped tables
--

--
-- Constraints for table `districts`
--
ALTER TABLE `districts`
  ADD CONSTRAINT `districts_ibfk_1` FOREIGN KEY (`ProvinceId`) REFERENCES `provinces` (`ProvinceId`);

--
-- Constraints for table `historylogin`
--
ALTER TABLE `historylogin`
  ADD CONSTRAINT `historylogin_ibfk_1` FOREIGN KEY (`UserId`) REFERENCES `users` (`UserId`);

--
-- Constraints for table `permissions`
--
ALTER TABLE `permissions`
  ADD CONSTRAINT `permissions_ibfk_1` FOREIGN KEY (`RoleId`) REFERENCES `roles` (`RoleId`),
  ADD CONSTRAINT `permissions_ibfk_2` FOREIGN KEY (`UserId`) REFERENCES `users` (`UserId`);

--
-- Constraints for table `profiles`
--
ALTER TABLE `profiles`
  ADD CONSTRAINT `profiles_ibfk_1` FOREIGN KEY (`DistrictId`) REFERENCES `districts` (`DistrictId`),
  ADD CONSTRAINT `profiles_ibfk_2` FOREIGN KEY (`ProvinceId`) REFERENCES `provinces` (`ProvinceId`),
  ADD CONSTRAINT `profiles_ibfk_3` FOREIGN KEY (`UserId`) REFERENCES `users` (`UserId`);

--
-- Constraints for table `users_has_roles`
--
ALTER TABLE `users_has_roles`
  ADD CONSTRAINT `users_has_roles_ibfk_1` FOREIGN KEY (`UserId`) REFERENCES `users` (`UserId`),
  ADD CONSTRAINT `users_has_roles_ibfk_2` FOREIGN KEY (`RoleId`) REFERENCES `roles` (`RoleId`);

/*!40101 SET CHARACTER_SET_CLIENT=@OLD_CHARACTER_SET_CLIENT */;
/*!40101 SET CHARACTER_SET_RESULTS=@OLD_CHARACTER_SET_RESULTS */;
/*!40101 SET COLLATION_CONNECTION=@OLD_COLLATION_CONNECTION */;
